username,name,gender,age,location,bio,picture,condition,class
Sebastian,Wong Xu,Male,19,中國四川,一個人喫飯 旅行 走走停停,Sebastian.jpg,SP,SP
D,Joeng Seoi,Female,22,,花下已千年,D.jpg,SP,SP
Meteor°,Lam Tin,Female,17,中國香港,,Meteor°.jpg,SP,SP
Ruby,Lee Ruby,Female,20,香港特別行政區,似火,Ruby.jpg,SP,SP
2207,Vivian,Female,19,Paris,,2207.jpg,SP,SP
清,Yeung Quinn,Female,20,香港特別行政區,枯木怯逢春,清.jpg,SP,SP
Re.,Chan Isolde,Female,18,,Shall I compare thee to a summer’s day?,Re..jpg,SP,SP
槐序,Suk Yee,Female,21,中國北京,物物而不物於物,槐序.jpg,SP,SP
Cedric,Cedric,Male,21,香港特別行政區,"There is only one heroism in the world: to 
see the world as it is and love it.",Cedric.jpg,SP,SP
Ash,Leung,Male,21,香港特別行政區,再狹小的樹縫也會被月亮擁抱,Ash.jpg,SP,SP
80s,Jade,Female,18,,"Don't dream it, be it.",80s.jpg,SD,SD
3brain.Ho,Fok Pok Yin,Male,22,HK,Go somewhere further!,3brian.Ho.jpg,SD,SD
sssayuka,Sou Yuet Ho,Female,19,Taipei,It's all about me.,sssayuka.jpg,SD,SD
Harv^vey,Ho Wai,Male,19,中国香港 南区,make peace with myself,Harv^vey.jpg,SD,SD
Suiin_o,Sun Yuet Ning,Female,20,中国香港,,Suiin_o.jpg,SD,SD
Jerr2_rry,Kah Yeui,Male,18,China,Every single day counts.,Jerr2_rry.jpg,SD,SD
isssme,Yik Si Mung,Female,18,中国香港,:DAILY VLOG ,isssme.jpg,SD,SD
Petrus,Coi Waa,Female,20,黑龍江 哈爾濱,活着就好,Petrus.jpg,SD,SD
DokiDoki,Lam Joy,Female,19,日本 大阪市,去吹一場野的風,DokiDoki.jpg,SD,SD
ssarahh,Ha Si Yiu,Female,19,Iceland,,ssarahh.jpg,SD,SD
